File Path,Image URL
./chapter8/ex02/instructions/instructions-summary.md,https://cdn.filestackcontent.com/BlU2XB5IQhSGf34XpIQn
./chapter5/ex01/instructions/instructions-summary.md,https://cdn.filestackcontent.com/VuN4aMk1T42t39oNprBg
./chapter7/ex02/instructions/instructions-summary.md,https://cdn.filestackcontent.com/BlU2XB5IQhSGf34XpIQn
./chapter6/ex01/instructions/instructions-summary.md,https://cdn.filestackcontent.com/HHUjiXoKTzqCJUT0t4f7
./chapter3/ex01/instructions/instructions-summary.md,https://cdn.filestackcontent.com/yAU4CfOUTCyKev1yhnT6
./chapter7/ex01/instructions/instructions-summary.md,https://cdn.filestackcontent.com/3owcxiuxQ0CZJKY0IbDY
./chapter3/ex01/instructions/instructions-summary.md,https://cdn.filestackcontent.com/3owcxiuxQ0CZJKY0IbDY
./assessments/mla03/instructions/instructions-summary.md,https://cdn.filestackcontent.com/OxLyTXiS1mL4qoV5ck9P
./chapter4/ex02/instructions/instructions-summary.md,https://cdn.filestackcontent.com/4kiPPaZFSs2ghFdDDl3b
./chapter6/ex02/instructions/instructions-summary.md,https://cdn.filestackcontent.com/xUADFJq3R8iP5DqspMT1
./chapter4/ex02/instructions/instructions-summary.md,https://cdn.filestackcontent.com/xUADFJq3R8iP5DqspMT1
./chapter5/ex01/instructions/instructions-summary.md,https://cdn.filestackcontent.com/yAU4CfOUTCyKev1yhnT6
./chapter7/ex01/instructions/instructions-summary.md,https://cdn.filestackcontent.com/5TMfHFFT2G7T1n6vxAlQ
./assessments/mla02/instructions/instructions-summary.md,https://cdn.filestackcontent.com/DA5AHKE6Q0yBUxdHbbKM
./chapter8/ex02/instructions/instructions-summary.md,https://cdn.filestackcontent.com/xUADFJq3R8iP5DqspMT1
./assessments/mla01/instructions/instructions-summary.md,https://cdn.filestackcontent.com/ikkGN0XRFmuuvGCDZxMG
./chapter3/ex02/instructions/instructions-summary.md,https://cdn.filestackcontent.com/xUADFJq3R8iP5DqspMT1
./chapter3/ex02/instructions/instructions-summary.md,https://cdn.filestackcontent.com/4kiPPaZFSs2ghFdDDl3b
./chapter7/ex02/instructions/instructions-summary.md,https://cdn.filestackcontent.com/xUADFJq3R8iP5DqspMT1
./chapter5/ex02/instructions/instructions-summary.md,https://cdn.filestackcontent.com/0vN0brzdRvqmolNffCTO
./chapter7/ex02/instructions/instructions-summary.md,https://cdn.filestackcontent.com/0vN0brzdRvqmolNffCTO
./assessments/mla03/instructions/instructions-summary.md,https://cdn.filestackcontent.com/nWmvSXBTjpKmC0ud6T8A
./chapter8/ex01/instructions/instructions-summary.md,https://cdn.filestackcontent.com/VuN4aMk1T42t39oNprBg
./assessments/mla02/instructions/instructions-summary.md,https://cdn.filestackcontent.com/bdx7Zlv7QTenGWZ4Tk12
./chapter6/ex01/instructions/instructions-summary.md,https://cdn.filestackcontent.com/yAU4CfOUTCyKev1yhnT6
./chapter6/ex02/instructions/instructions-summary.md,https://cdn.filestackcontent.com/Dc4nuZFpRvKMFKPvlBvc
./chapter4/ex02/instructions/instructions-summary.md,https://cdn.filestackcontent.com/Dc4nuZFpRvKMFKPvlBvc
./chapter6/ex02/instructions/instructions-summary.md,https://cdn.filestackcontent.com/Y1m5yLPTfWwiiXINQqNM
./assessments/mla01/instructions/instructions-summary.md,https://cdn.filestackcontent.com/GiYdm0jRPq5WXTcRjynO
./chapter4/ex02/instructions/instructions-summary.md,https://cdn.filestackcontent.com/Y1m5yLPTfWwiiXINQqNM
./chapter4/ex01/instructions/instructions-summary.md,https://cdn.filestackcontent.com/HHUjiXoKTzqCJUT0t4f7
./chapter5/ex02/instructions/instructions-summary.md,https://cdn.filestackcontent.com/BlU2XB5IQhSGf34XpIQn
./assessments/mla01/instructions/instructions-summary.md,https://cdn.filestackcontent.com/OxLyTXiS1mL4qoV5ck9P
./chapter8/ex02/instructions/instructions-summary.md,https://cdn.filestackcontent.com/Dc4nuZFpRvKMFKPvlBvc
./assessments/mla02/instructions/instructions-summary.md,https://cdn.filestackcontent.com/ikkGN0XRFmuuvGCDZxMG
./chapter8/ex02/instructions/instructions-summary.md,https://cdn.filestackcontent.com/Y1m5yLPTfWwiiXINQqNM
./chapter3/ex02/instructions/instructions-summary.md,https://cdn.filestackcontent.com/Dc4nuZFpRvKMFKPvlBvc
./chapter7/ex02/instructions/instructions-summary.md,https://cdn.filestackcontent.com/Dc4nuZFpRvKMFKPvlBvc
./chapter3/ex02/instructions/instructions-summary.md,https://cdn.filestackcontent.com/Y1m5yLPTfWwiiXINQqNM
./chapter7/ex02/instructions/instructions-summary.md,https://cdn.filestackcontent.com/Y1m5yLPTfWwiiXINQqNM
./chapter6/ex02/instructions/instructions-summary.md,https://cdn.filestackcontent.com/4kiPPaZFSs2ghFdDDl3b
./chapter8/ex01/instructions/instructions-summary.md,https://cdn.filestackcontent.com/HHUjiXoKTzqCJUT0t4f7
./chapter5/ex01/instructions/instructions-summary.md,https://cdn.filestackcontent.com/3owcxiuxQ0CZJKY0IbDY
./chapter3/ex01/instructions/instructions-summary.md,https://cdn.filestackcontent.com/5TMfHFFT2G7T1n6vxAlQ
./chapter4/ex01/instructions/instructions-summary.md,https://cdn.filestackcontent.com/VuN4aMk1T42t39oNprBg
./chapter8/ex02/instructions/instructions-summary.md,https://cdn.filestackcontent.com/4kiPPaZFSs2ghFdDDl3b
./chapter7/ex01/instructions/instructions-summary.md,https://cdn.filestackcontent.com/VuN4aMk1T42t39oNprBg
./assessments/mla02/instructions/instructions-summary.md,https://cdn.filestackcontent.com/GiYdm0jRPq5WXTcRjynO
./chapter5/ex02/instructions/instructions-summary.md,https://cdn.filestackcontent.com/xUADFJq3R8iP5DqspMT1
./chapter7/ex02/instructions/instructions-summary.md,https://cdn.filestackcontent.com/4kiPPaZFSs2ghFdDDl3b
./assessments/mla02/instructions/instructions-summary.md,https://cdn.filestackcontent.com/OxLyTXiS1mL4qoV5ck9P
./assessments/mla01/instructions/instructions-summary.md,https://cdn.filestackcontent.com/nWmvSXBTjpKmC0ud6T8A
./chapter5/ex01/instructions/instructions-summary.md,https://cdn.filestackcontent.com/5TMfHFFT2G7T1n6vxAlQ
./assessments/mla03/instructions/instructions-summary.md,https://cdn.filestackcontent.com/DA5AHKE6Q0yBUxdHbbKM
./chapter4/ex01/instructions/instructions-summary.md,https://cdn.filestackcontent.com/yAU4CfOUTCyKev1yhnT6
./assessments/mla01/instructions/instructions-03.md,https://cdn.filestackcontent.com/4iUURvleSQGkpL1vnCXS
./chapter6/ex01/instructions/instructions-summary.md,https://cdn.filestackcontent.com/3owcxiuxQ0CZJKY0IbDY
./chapter7/ex01/instructions/instructions-summary.md,https://cdn.filestackcontent.com/HHUjiXoKTzqCJUT0t4f7
./chapter3/ex01/instructions/instructions-summary.md,https://cdn.filestackcontent.com/HHUjiXoKTzqCJUT0t4f7
./chapter5/ex02/instructions/instructions-summary.md,https://cdn.filestackcontent.com/Dc4nuZFpRvKMFKPvlBvc
./chapter5/ex02/instructions/instructions-summary.md,https://cdn.filestackcontent.com/Y1m5yLPTfWwiiXINQqNM
./chapter8/ex01/instructions/instructions-summary.md,https://cdn.filestackcontent.com/yAU4CfOUTCyKev1yhnT6
./assessments/mla03/instructions/instructions-summary.md,https://cdn.filestackcontent.com/bdx7Zlv7QTenGWZ4Tk12
./assessments/mla02/instructions/instructions-summary.md,https://cdn.filestackcontent.com/nWmvSXBTjpKmC0ud6T8A
./chapter6/ex01/instructions/instructions-summary.md,https://cdn.filestackcontent.com/5TMfHFFT2G7T1n6vxAlQ
./assessments/mla03/instructions/instructions-summary.md,https://cdn.filestackcontent.com/ikkGN0XRFmuuvGCDZxMG
./chapter3/ex01/instructions/instructions-summary.md,https://cdn.filestackcontent.com/VuN4aMk1T42t39oNprBg
./chapter5/ex02/instructions/instructions-summary.md,https://cdn.filestackcontent.com/4kiPPaZFSs2ghFdDDl3b
./chapter4/ex02/instructions/instructions-summary.md,https://cdn.filestackcontent.com/BlU2XB5IQhSGf34XpIQn
./chapter3/ex02/instructions/instructions-summary.md,https://cdn.filestackcontent.com/BlU2XB5IQhSGf34XpIQn
./chapter7/ex01/instructions/instructions-summary.md,https://cdn.filestackcontent.com/yAU4CfOUTCyKev1yhnT6
./assessments/mla03/instructions/instructions-summary.md,https://cdn.filestackcontent.com/GiYdm0jRPq5WXTcRjynO
./chapter4/ex01/instructions/instructions-summary.md,https://cdn.filestackcontent.com/3owcxiuxQ0CZJKY0IbDY
./chapter4/ex01/instructions/instructions-summary.md,https://cdn.filestackcontent.com/5TMfHFFT2G7T1n6vxAlQ
./chapter8/ex01/instructions/instructions-summary.md,https://cdn.filestackcontent.com/3owcxiuxQ0CZJKY0IbDY
./chapter6/ex02/instructions/instructions-summary.md,https://cdn.filestackcontent.com/0vN0brzdRvqmolNffCTO
./chapter4/ex02/instructions/instructions-summary.md,https://cdn.filestackcontent.com/0vN0brzdRvqmolNffCTO
./chapter6/ex01/instructions/instructions-summary.md,https://cdn.filestackcontent.com/VuN4aMk1T42t39oNprBg
./chapter5/ex01/instructions/instructions-summary.md,https://cdn.filestackcontent.com/HHUjiXoKTzqCJUT0t4f7
./chapter8/ex02/instructions/instructions-summary.md,https://cdn.filestackcontent.com/0vN0brzdRvqmolNffCTO
./chapter6/ex02/instructions/instructions-summary.md,https://cdn.filestackcontent.com/BlU2XB5IQhSGf34XpIQn
./chapter3/ex02/instructions/instructions-summary.md,https://cdn.filestackcontent.com/0vN0brzdRvqmolNffCTO
./chapter8/ex01/instructions/instructions-summary.md,https://cdn.filestackcontent.com/5TMfHFFT2G7T1n6vxAlQ
./assessments/mla01/instructions/instructions-03.md,https://cdn.filestackcontent.com/iKwvenK2S9q4KLrPv8W7
